rally_uid,serverGetPoint,pointId,actionId
15432,0.6499415106367666,0,15
15436,0.537872863799973,9,0
15440,0.5495364143661581,9,10
15444,0.6193909427057714,9,15
15447,0.29288469352662255,4,15
15451,0.553279960336839,7,0
15455,0.4978709579913852,9,15
15459,0.49726650710041415,9,10
15463,0.471487304738777,4,0
15467,0.6191516412486459,9,1
15471,0.5104467776321986,9,4
15475,0.4533469487518004,0,13
15479,0.544624632087611,9,4
15483,0.6877565065351092,4,0
15484,0.6284312554947036,9,15
15488,0.5280502003300762,7,6
15492,0.5583835649065927,0,1
15496,0.47461572865273033,9,13
15500,0.5502084968739436,9,0
15502,0.7394471121466805,9,0
15506,0.48760984791333006,9,0
15510,0.43225512102725316,7,2
15514,0.4161155052753457,9,10
15518,0.5947157608990642,4,0
15520,0.2947644847146757,5,15
15524,0.48004554375863046,0,1
15528,0.5129709312965225,0,0
15532,0.5596872694540216,4,0
15536,0.4970342560063789,0,0
15540,0.2989203414733989,0,6
15544,0.4865373308697493,0,0
15546,0.42317398845759924,9,0
15550,0.37410712496273385,0,0
15554,0.419520363782057,9,4
15558,0.269663346129757,9,15
15562,0.35510230699804907,9,4
15563,0.47600611326162373,9,10
15567,0.4033405198437695,0,13
15571,0.3690444702526769,0,0
15575,0.44627553920253565,9,15
15579,0.5255157787364129,9,15
15583,0.31200931707827595,9,1
15587,0.4577403427210614,9,0
15591,0.5894065817087012,9,10
15595,0.3344188105931896,0,0
15599,0.47885530544559,0,0
15603,0.5063273990530176,0,0
15607,0.4917328592086902,4,15
15611,0.46299652944129566,0,0
15615,0.35438049541481653,7,1
15619,0.4455644852810264,4,15
15621,0.5661969163599995,0,0
15625,0.5357087514946125,9,4
15629,0.5610515433525125,9,15
15633,0.4482482325457886,0,0
15637,0.48827107366511835,9,4
15641,0.5156977602392823,4,15
15645,0.4540766138408566,0,6
15649,0.39357746173946145,4,15
15653,0.4656488652315717,0,0
15655,0.6635581688425104,9,7
15659,0.5623086687494834,1,15
15663,0.5525640039654405,9,3
15667,0.5346677210717458,1,15
15671,0.5176120379959119,5,15
15675,0.5343894730635064,9,4
15679,0.45422400078526814,9,0
15683,0.46635822167225344,9,10
15687,0.4370515266684043,9,5
15689,0.7220763053903848,0,0
15693,0.5844671683548163,5,15
15697,0.555167120120637,9,0
15701,0.5978326692485121,0,13
15705,0.48888869756340875,0,1
15707,0.5930847028905142,9,1
15711,0.4985049273763649,0,0
15715,0.4850438463977311,0,6
15719,0.49229262097015813,9,0
15723,0.48370439336239085,9,0
15727,0.5786833994143058,0,0
15731,0.5995511124620304,9,1
15735,0.5656585302541549,0,0
15739,0.5697976084590047,9,0
15743,0.5075480613890078,9,7
15745,0.6496424626647213,9,15
15749,0.47722091716243703,0,6
15753,0.6297642860213615,9,15
15757,0.5383366621638569,9,0
15761,0.5492385936631177,0,6
15764,0.5125721961162784,9,10
15768,0.42863322012377664,0,13
15772,0.5046741913853695,9,13
15776,0.5126236046811093,0,0
15779,0.5730604722308091,9,15
15783,0.5347011958616398,9,4
15787,0.4960824688236277,0,1
15791,0.5395055259425819,9,4
15795,0.5189686085795017,9,10
15799,0.5978665749772512,9,4
15803,0.5971242001921265,0,1
15807,0.2466290037521454,0,13
15809,0.6541010251412355,9,15
15813,0.5007461439702917,0,0
15817,0.6056516549325075,9,15
15821,0.44970792655167124,0,0
15825,0.589996335939349,5,15
15827,0.44382070146759905,0,13
15831,0.49685970761206577,9,15
15835,0.44832189463745187,9,1
15839,0.45174454147975485,9,1
15843,0.457308425233757,0,1
15847,0.5184573625057851,0,0
15851,0.5025890783161544,0,13
15853,0.6465885224450334,9,15
15857,0.594167478209394,5,15
15861,0.5853202473289094,9,15
15865,0.4908049499896862,0,13
15869,0.5422798773833798,9,15
15873,0.6342277000146832,9,4
15875,0.7141126277323664,9,4
15879,0.538493298233303,0,0
15883,0.509633832431461,9,1
15887,0.5385819637309176,9,0
15891,0.4784999366487693,9,4
15892,0.6762634895390113,0,0
15896,0.5611096385276659,0,0
15900,0.5513884529713252,5,15
15904,0.4853271291795405,0,0
15908,0.5568727987642803,9,15
15909,0.6926742998794205,5,0
15913,0.6115289951973256,9,10
15917,0.5550288493188976,0,0
15921,0.5842674954001348,9,13
15925,0.5494841358189082,0,15
15928,0.5537745645994374,9,15
15932,0.48010811773829964,0,1
15936,0.4127212257558182,0,0
15940,0.4211851807805491,9,4
15944,0.45978048937684945,9,4
15946,0.6446521573291824,0,1
15950,0.6225592858403669,9,1
15954,0.5367633833325108,0,13
15958,0.5442476121590142,9,10
15962,0.557237631817367,9,4
15964,0.7221083006099145,4,0
15968,0.47869290286611704,0,6
15972,0.4778268251837496,9,4
15976,0.45075585944686064,0,0
15980,0.4696063412580326,0,0
15982,0.7021277587936612,9,10
15986,0.5713901458264126,0,0
15990,0.5536409874569987,5,0
15994,0.5429455267942552,9,4
15998,0.5711060375623301,0,0
16002,0.5092127186681964,0,0
16004,0.5701395296669187,4,0
16008,0.3874363616627695,0,0
16012,0.45115968416742425,9,4
16016,0.5223365792003544,9,0
16020,0.4715837995641546,0,6
16024,0.4193857312016172,9,1
16028,0.39836424310080826,0,6
16032,0.35073531113814754,9,4
16036,0.2654485397909941,0,1
16040,0.674796242142407,9,15
16044,0.4566828524587465,0,1
16048,0.5517641120820072,4,15
16052,0.5328587708933517,0,1
16056,0.5648526612550341,9,0
16060,0.601958510778302,0,6
16062,0.5459624210142657,9,15
16066,0.47344701451083865,1,15
16070,0.45044901090442185,9,10
16074,0.44214674674442667,9,4
16078,0.4626202714793711,0,0
16080,0.6657578269639745,4,15
16084,0.30769512362498413,7,5
16088,0.45372137176762395,9,4
16092,0.5835031926168,9,4
16093,0.6903971720864895,9,0
16097,0.5821178042837053,1,0
16101,0.5493585538460757,9,10
16105,0.5124749556161489,9,4
16109,0.5180114102159419,5,0
16111,0.7635840154690337,9,4
16115,0.3980150283152942,0,0
16119,0.5566767787037881,4,0
16123,0.44329596364748336,0,0
16127,0.5623620473291595,6,0
16131,0.6164278102210935,9,1
16135,0.6544505541555881,9,17
16139,0.4868749984534601,9,13
16143,0.4504823980715741,9,1
16147,0.5830618208452384,9,0
16148,0.43879660247221547,9,1
16152,0.4150245514665406,0,5
16156,0.5190588192198693,9,4
16160,0.3714779226539425,0,0
16164,0.46169663419437623,0,1
16168,0.5020993300653083,0,13
16170,0.569781992441619,0,6
16174,0.5374104415746161,5,15
16178,0.5449129916504883,9,4
16182,0.510908469078048,5,15
16186,0.5208735449276686,5,15
16190,0.695931662085724,0,1
16194,0.46365502102603107,0,13
16198,0.4550142920435681,5,0
16202,0.4659310378974604,0,13
16206,0.4612274206391612,0,1
16208,0.7196320497402694,9,0
16212,0.5187891321438628,9,1
16216,0.46697111044915235,0,0
16220,0.5381773154554094,5,0
16221,0.7032239156009038,9,10
16225,0.5830499892347382,9,1
16229,0.5990191933125941,9,10
16233,0.5802126583573866,0,15
16235,0.5556400260910411,9,15
16239,0.6250780093616146,0,6
16241,0.5891431399068878,9,0
16245,0.605186097305532,9,1
16249,0.4776758283371355,0,13
16253,0.5942008562002798,9,1
16254,0.3801119400503237,0,0
16258,0.6416026784879872,9,1
16262,0.5429401193690124,9,1
16266,0.4673463678856528,9,1
16268,0.408176972405605,9,1
16272,0.47691264586068,0,6
16276,0.47154059789995845,9,4
16280,0.31234273019217745,9,10
16284,0.4180425599407348,9,3
16285,0.7077687888898068,0,15
16289,0.5791684848949891,9,1
16293,0.6079442664269781,9,1
16297,0.5056208943462593,9,0
16300,0.5155807675273827,0,1
16304,0.5479980064690336,9,13
16308,0.5047038253411247,5,15
16312,0.532522212741126,7,13
16316,0.5373493932047864,9,4
16320,0.6114957334058433,4,15
16324,0.5253840265064419,4,15
16328,0.393934142969517,9,4
16332,0.4058011661894802,9,4
16333,0.5298993484696795,9,1
16337,0.5196883668461266,0,7
16341,0.47025056204413385,9,1
16345,0.573392375645361,0,13
16349,0.6228805703380923,0,0
16353,0.5366673559512963,9,1
16357,0.5614561195806927,4,15
16361,0.569914038263126,0,6
16365,0.5877778252013217,9,13
16369,0.48396931363502144,9,10
16373,0.45968035375901006,7,1
16377,0.4724014814769568,0,13
16381,0.4604711623539684,9,15
16384,0.49241031032815985,0,0
16388,0.6361363835499196,4,15
16392,0.5074440990506518,9,10
16396,0.45425806917381784,9,0
16400,0.6002962212902373,9,1
16404,0.550078891035896,0,13
16406,0.6484526493334369,9,15
16410,0.4842490236392969,9,1
16414,0.6042091586023322,7,1
16418,0.530577629810133,7,1
16421,0.6529143587752028,9,15
16425,0.5578342471242719,9,13
16429,0.4937343615247096,9,6
16433,0.5016122710053689,0,0
16437,0.5538894034262833,9,1
16440,0.5206784815376471,0,1
16444,0.4216652557896283,0,13
16448,0.47967792816586524,9,10
16452,0.47106130508979166,9,1
16454,0.5452688926427437,0,1
16458,0.4934226795734973,0,0
16462,0.5534858707872727,0,13
16466,0.5753704457707152,9,4
16469,0.7126685945292434,9,7
16473,0.425481231565828,0,0
16477,0.5484848939125793,9,10
16481,0.49256704243538596,4,15
16485,0.4780774209567666,0,0
16489,0.6479357213746969,9,10
16493,0.4569770479186079,0,0
16497,0.6185435106176312,9,15
16501,0.542142751845722,4,15
16505,0.4724671040097251,9,1
16506,0.507486779821537,9,7
16510,0.4498541224070247,0,0
16514,0.5706015367955347,9,1
16518,0.4899060279535771,0,1
16522,0.45874941212048637,9,10
16526,0.4626100395685977,0,0
16528,0.6168859007480679,9,10
16532,0.4457738476631793,0,0
16536,0.5980328585478856,0,0
16540,0.5147609971498694,5,0
16544,0.568677550729578,4,15
16546,0.5601022378014302,9,15
16550,0.3960526912004942,0,6
16554,0.4945533712720157,5,0
16558,0.5244642305065697,9,15
16561,0.6522681217274454,9,15
16565,0.6262973087427233,9,10
16569,0.5790214594952536,0,0
16573,0.5532677076974694,9,4
16577,0.5869615605867364,0,15
16581,0.6028873232870919,0,1
16585,0.658216217573732,0,6
16589,0.6040217549781861,4,0
16593,0.20456632575858844,0,13
16597,0.39766867002232603,0,0
16600,0.7356958906364982,9,10
16604,0.5354654668318513,0,0
16608,0.6058975267270273,4,0
16612,0.48501639452809825,9,0
16616,0.571939487180167,9,4
16619,0.5661932253093525,9,0
16623,0.479454542580641,0,0
16627,0.5776551439147445,9,1
16631,0.4325548240115024,9,0
16635,0.4884414537068831,5,0
16636,0.5389860936242847,0,0
16640,0.5117591512867593,9,0
16644,0.6300855237676923,0,1
16648,0.5628268391789084,0,1
16649,0.643405342972105,0,7
16653,0.3845496922268184,0,0
16657,0.5175312445224995,0,6
16661,0.44212038223508987,0,13
16664,0.680136403210077,0,0
16668,0.5955463266946618,9,13
16672,0.5618701810957427,0,1
16676,0.44535597241663805,0,0
16680,0.5635829608965562,0,0
16684,0.6755989855267838,0,1
16688,0.3812110757474106,0,6
16692,0.42443256283037456,0,13
16696,0.46120739949868905,9,0
16699,0.4914235337979669,0,6
16703,0.6205231878853205,0,6
16707,0.5777388482138817,4,15
16711,0.5809216470334532,9,1
16715,0.5242570179206854,0,13
16719,0.4715667290276985,0,0
16721,0.42064108304283004,0,13
16725,0.5030107326881871,9,15
16729,0.4335434324479653,9,15
16733,0.390417996308172,9,5
16734,0.5145876301330075,4,15
16738,0.4909543525226961,4,15
16742,0.6318198197637188,0,6
16746,0.6423662093332337,0,0
16750,0.4883697940003882,0,0
16754,0.5223726897625641,9,10
16758,0.46524833161262696,0,6
16761,0.6092453846117222,9,1
16765,0.5759042145351466,0,0
16769,0.6243642309357742,9,1
16773,0.5397856214391682,9,3
16777,0.6024208734073658,0,13
16778,0.5601703203920088,9,1
16782,0.4435420291183103,0,13
16786,0.5126065204257184,4,15
16790,0.4764351435064826,9,4
16794,0.4913216482823799,0,1
16798,0.5185089195461381,0,0
16802,0.6030230571562116,0,1
16806,0.570910306535722,0,1
16810,0.5496777348311865,9,13
16814,0.5931919656110318,9,1
16818,0.5743151398205307,9,1
16822,0.5412008758930332,0,1
16826,0.5547192658238062,9,1
16828,0.643260266371426,0,0
16832,0.46839149206679187,7,0
16836,0.4719511449653198,0,0
16840,0.42107086220650214,0,6
16844,0.4801120317519523,9,4
16848,0.4747602774410435,0,0
16852,0.4849891261981144,0,0
16854,0.6336240970283453,0,6
16858,0.6165470427201498,0,6
16862,0.5594192011501908,0,0
16866,0.5209852889237038,4,0
16870,0.49223275475574574,9,5
16871,0.5169123504983252,9,15
16875,0.44464736875255473,0,6
16879,0.4286286867639734,9,1
16883,0.3808527769110308,0,0
16887,0.4464151189112762,4,15
16889,0.6261871248742422,0,6
16893,0.5740147070907861,9,4
16897,0.5731247824206089,0,5
16901,0.6137786431937646,9,4
16905,0.523961937051632,0,13
16907,0.6767122215998016,0,6
16911,0.44008023451298484,0,0
16915,0.5295060723798534,9,0
16919,0.39701639074120254,0,0
16923,0.48798288769681714,9,4
16927,0.44782853507300013,0,0
16931,0.7184207636782391,9,4
16935,0.5220846737483668,0,4
16939,0.4778649954583263,0,0
16943,0.5255472023090204,4,0
16947,0.49995113452301354,4,0
16949,0.5287705799234741,0,13
16953,0.5613330228500687,9,4
16957,0.5149448464990779,9,15
16961,0.5796272165629587,9,4
16965,0.5697618638567029,9,15
16966,0.5563710911452202,9,1
16970,0.5073263816509823,4,15
16974,0.5193101885916698,5,15
16978,0.5287886909550603,4,15
16982,0.6335352684463946,0,13
16986,0.5708323746877757,9,4
16990,0.5752598252477304,4,0
16994,0.5089610057979124,0,5
16998,0.5619075698962618,9,4
17001,0.6632287578780238,9,0
17005,0.5002969878331748,5,0
17009,0.4557493663223334,7,6
17013,0.40789853918658675,0,6
17016,0.5814513396644507,0,13
17020,0.5161175915791146,5,15
17024,0.5897604067243478,5,15
17028,0.5993632047895441,4,15
17032,0.5842922600014882,9,7
17035,0.564446450703161,9,4
17039,0.488229077618479,5,15
17043,0.5078413265431935,9,13
17047,0.5069749614910781,0,13
17051,0.4548881496243706,7,5
17054,0.5969412918371474,9,13
17058,0.5641638234491275,0,13
17062,0.5012302044418038,0,13
17066,0.5726351959744235,9,15
17069,0.6686063072466439,4,15
17073,0.4980730424000971,7,6
17077,0.5841276057523617,9,7
17081,0.48479103100398657,0,5
17085,0.5298889879004937,0,0
17089,0.5418013735513579,0,0
17093,0.31316315689693597,0,13
17097,0.6901373802913607,0,6
17101,0.43948786834933323,0,13
17105,0.48227974009115204,9,15
17107,0.48483975544256086,0,13
17111,0.4797918575266349,9,10
17115,0.568441185810208,9,15
17119,0.5099199639421752,9,15
17123,0.5034173119185346,0,4
17125,0.437008042037433,0,0
17129,0.4092978194726494,0,13
17133,0.46774941925608154,9,15
17137,0.5316189784928963,9,0
17141,0.4742181619497975,0,13
17145,0.6456988931624249,0,1
17149,0.5169499135341806,9,10
17153,0.5207811889856089,9,4
17157,0.5227462474510018,4,0
17161,0.4858894963336362,5,0
17163,0.46372332027510327,0,6
17167,0.5500059604397779,0,6
17171,0.48764644662984,7,6
17175,0.5321935440432916,8,0
17177,0.4394993498361214,0,13
17181,0.4721475493473118,0,13
17185,0.44821593587000397,0,6
17189,0.48562642134582884,0,0
17193,0.43655387108154914,9,0
17194,0.4489582189340538,0,13
17198,0.472481082853164,0,13
17202,0.5899607302829112,0,6
17206,0.4768469168039624,9,0
17210,0.4750099690113003,0,0
17211,0.5948099484695168,0,0
17215,0.5103154855610835,0,0
17219,0.4788416655652703,0,6
17223,0.4680875407157253,0,0
17227,0.4512306985408412,0,13
17229,0.586546103137424,9,0
17233,0.5103610062223051,0,1
17237,0.4735278229948452,0,13
17241,0.5596122388855882,0,0
17245,0.680882511185905,9,10
17249,0.5647283862155746,7,6
17253,0.5761206141914937,4,15
17257,0.5488659750703635,9,3
17261,0.5384443836781261,4,15
17262,0.5157616092782502,9,15
17266,0.45353443681524513,0,6
17270,0.506845073943562,9,3
17274,0.4378520428868495,0,0
17278,0.49485457423583906,9,1
17282,0.5470590025344089,1,0
17286,0.4019399399166233,0,13
17290,0.6712322308864282,0,1
17294,0.48509832821034105,0,0
17298,0.532671688202564,4,15
17302,0.522686500796573,0,6
17306,0.6818943562933021,9,10
17310,0.5289908763247066,4,17
17314,0.5382955225815457,0,6
17318,0.38840639372260033,9,15
17320,0.529853283379743,0,1
17324,0.5708000372324529,9,0
17328,0.5564811558668269,9,0
17332,0.39149324140537284,0,0
17336,0.52108803736977,0,0
17340,0.5251905287475822,0,10
17344,0.5247428278206177,0,6
17348,0.5096728549933227,5,0
17352,0.5785366900863319,9,4
17356,0.5730643575894718,9,7
17360,0.41074255319722675,0,6
17364,0.5441354053205935,9,10
17368,0.4717298732903896,0,6
17372,0.3436165109147754,8,3
17376,0.28538536762252636,0,0
17380,0.3720111709601002,0,6
17384,0.32867837022002394,0,0
17388,0.6813132460273954,0,1
17392,0.3899612127120655,0,1
17396,0.5543819947567712,9,1
17400,0.5359124785411836,9,13
17404,0.5624237645798628,0,13
17408,0.5394286692883861,9,15
17412,0.5348875843680009,9,15
17416,0.4727557073481745,0,1
17420,0.4614251475163699,0,13
17421,0.5746816256973591,9,1
17425,0.5681116625651663,5,15
17429,0.5280778338524246,5,15
17433,0.4750837465926277,7,0
17437,0.5468197056247774,0,0
17441,0.6314200353170909,0,1
17445,0.6054792091067247,9,15
17449,0.5867774537479886,9,1
17453,0.5583247531525117,9,15
17457,0.5961127985714424,9,15
17458,0.5585664641740268,9,15
17462,0.4824703028535247,4,0
17466,0.48900529912533874,4,15
17470,0.4936913198597854,9,4
17474,0.4994510796348578,9,4
17475,0.6663056482838664,0,0
17479,0.6174223816304154,9,1
17483,0.6218465432756943,4,0
17487,0.5027916078691785,0,1
17491,0.5687853776467892,9,4
17494,0.6934166001606936,9,13
17498,0.44429271556825717,0,1
17502,0.4076639648049567,4,0
17506,0.3478667640698146,9,1
17509,0.503543386925205,0,1
17513,0.6267722599255757,9,1
17517,0.46606517960804855,9,0
17521,0.4775709171644014,9,6
17525,0.6230219863602157,9,1
17527,0.5246051299547292,9,1
17531,0.3886050071790173,9,13
17535,0.49192687368372073,5,0
17539,0.4667271739170907,9,3
17543,0.4435193819103627,9,0
17547,0.41311060199487853,0,0
17549,0.4642576426077095,9,0
17553,0.3840556047811636,8,1
17557,0.5730178834355945,0,6
17561,0.5324680516005185,9,6
17565,0.5504976753411216,0,7
17568,0.6029543766169967,9,0
17572,0.5364826151348158,5,0
17576,0.5604979934389902,9,0
17580,0.4526964850901127,0,0
17584,0.44092619629093455,9,0
17588,0.43348939572792994,0,6
17590,0.663250224833901,9,15
17594,0.48742273877326747,0,13
17598,0.5865164530089599,9,13
17602,0.6295732253387936,9,15
17606,0.5324377765247537,9,10
17610,0.49550674001417455,4,15
17614,0.476474205750872,9,15
17618,0.46447461807296225,9,15
17622,0.35537675741046193,0,13
17624,0.6286274610228341,9,10
17628,0.42207946229073795,9,13
17632,0.6246152041886763,4,15
17636,0.5440783357213341,0,0
17640,0.6698200408934523,9,15
17644,0.525056251252349,9,1
17648,0.5128557032768255,4,15
17652,0.399194551681665,0,1
17656,0.44623650036692486,0,6
17659,0.5692558377968912,0,6
17663,0.5295443521383798,9,0
17667,0.3769009522171742,0,0
17671,0.4826595356892797,0,0
17675,0.6243508220492923,0,13
17678,0.6196248334195045,9,13
17682,0.6089826734175655,9,10
17686,0.5869892160639598,9,4
17690,0.6093680281083111,9,1
17694,0.5333214280277384,0,13
17698,0.5470441553665256,9,15
17702,0.4685548846744321,9,1
17706,0.2059805326432686,9,6
17710,0.2689562556215868,4,15
17713,0.6767897504789807,9,10
17717,0.45666641221045334,0,1
17721,0.5723572920759901,9,10
17725,0.48875550619595587,0,0
17729,0.5692050803038929,9,13
17733,0.7273405011723023,9,0
17737,0.5617919476184204,0,0
17741,0.5205206294848355,0,13
17745,0.47872499986770917,4,0
17749,0.4612717791589462,4,15
17753,0.4839586136183876,0,6
17755,0.6074667079208461,9,1
17759,0.44456996655082326,0,0
17763,0.5285352387463422,9,10
17767,0.5148155787359135,0,13
17771,0.5664154077231854,4,0
17773,0.46503366757733605,0,6
17777,0.4556078490403065,4,0
17781,0.48960328164364786,9,4
17785,0.5359554813281988,9,4
17789,0.47383837682800795,9,4
17793,0.5037029949340803,4,0
17795,0.49087406304853654,9,10
17799,0.47589043723534385,9,4
17803,0.40273543836297937,7,6
17807,0.36700860821924447,9,0
17811,0.45611246123044424,5,0
17813,0.6328498152591467,9,15
17817,0.6054144373207135,9,1
17821,0.5114025383050841,9,1
17825,0.5633979377300591,9,15
17829,0.5883920501026587,9,4
17833,0.39824096867013065,9,1
17837,0.4795795211496709,9,1
17841,0.42207609789946104,9,1
17845,0.5309930780678195,9,1
17849,0.46944824342788327,9,1
17852,0.6487464831834967,9,15
17856,0.6154644887283115,5,15
17860,0.6817553976498163,0,1
17864,0.7685164544815718,9,1
17867,0.7041600114571107,9,15
17871,0.46826001069695283,9,13
17875,0.48017178679723826,7,6
17879,0.3867932263332773,7,10
17883,0.5294684852842186,0,0
17886,0.6161073856164871,0,13
17890,0.4623793684464608,0,6
17894,0.5221807641970139,7,1
17898,0.5319003187312802,9,1
17902,0.5738462879752584,9,15
17906,0.5479620597543179,9,1
17910,0.49030515004450775,9,4
17914,0.5643068628493236,4,15
17918,0.4134036812018403,7,1
17922,0.6530893124637602,9,15
17926,0.5511650915685353,0,13
17930,0.5000167068554954,7,1
17934,0.5590863051040279,9,15
17937,0.6709605265622777,0,13
17941,0.4937350792111476,0,0
17945,0.5188845325404506,9,1
17949,0.30730793772546006,9,6
17953,0.5813291337577474,4,15
17956,0.6365287929076712,9,15
17960,0.5350555892492983,0,6
17964,0.5068192756536957,0,13
17968,0.5267004411686312,0,1
17972,0.568371112311214,9,10
17976,0.5094449204948183,9,10
17980,0.5435238315297417,5,15
17984,0.4863981465468956,0,13
17988,0.5136938042948292,9,1
17992,0.4783820863285309,9,15
17993,0.5875158122479884,9,15
17997,0.5870962434961654,5,15
18001,0.5433346682465041,0,0
18005,0.5497097980749003,9,6
18009,0.5793613777229368,5,15
18010,0.6244711314189929,9,0
18014,0.4311623310071803,0,0
18018,0.6598525206953612,0,0
18022,0.46704960345906493,8,0
18026,0.511755352081317,9,4
18029,0.6707184255346569,9,6
18033,0.5016978627950182,9,1
18037,0.573295010931688,9,10
18041,0.446843708962629,9,6
18045,0.5102827617673276,9,1
18049,0.4292792962483233,0,0
18053,0.5724171996153647,9,1
18057,0.46101330849577915,9,1
18061,0.4265338997627047,0,0
18063,0.45381509739823206,0,1
18067,0.46493664334656903,0,6
18071,0.4553591639607744,0,0
18075,0.4811417077626087,9,10
18079,0.5873918658773533,4,0
18083,0.6353183871858507,9,1
18087,0.5409963604179823,9,0
18091,0.6189451840327577,0,0
18095,0.5378741711345904,5,0
18099,0.5450162367071312,9,1
18103,0.4875015721607226,0,13
18107,0.5144356501331486,9,1
18111,0.493314225195782,4,0
18115,0.4419325318881184,7,1
18119,0.6363023514542273,9,0
18123,0.604700038556907,0,13
18127,0.5996450255666719,0,1
18131,0.5577410161485026,9,10
18135,0.6547612915207641,9,15
18139,0.6396493097060147,4,0
18143,0.4832132993021256,0,6
18147,0.4726649675585879,9,1
18151,0.562243666104163,9,1
18155,0.5661787048661487,0,4
18159,0.6829632371050883,0,7
18163,0.6302870618969186,0,2
18167,0.6211228714333243,9,0
18171,0.50860913388696,0,1
18175,0.5487992902766277,0,1
18179,0.4743305021470823,0,6
18183,0.41241329524626247,0,1
18187,0.5953773499446442,9,1
18191,0.4816859925833598,0,2
18194,0.5817894825079772,9,15
18198,0.5413378440547532,0,13
18202,0.4775701125876996,0,13
18206,0.5128731569048504,0,0
18210,0.5939915350032847,0,15
18214,0.562782205976868,0,0
18216,0.5139141005752716,9,15
18220,0.46509229159198195,9,10
18224,0.5278531917158046,9,15
18228,0.49613262349375714,9,15
18229,0.6115615545987463,9,13
18233,0.5115157826941817,4,15
18237,0.5454014311525145,9,0
18241,0.5248944373791555,0,0
18245,0.5799244258558273,9,4
18246,0.6973302546246212,9,15
18250,0.5465352866234124,0,0
18254,0.5921221248381355,5,15
18258,0.5275835709063502,4,15
18261,0.5890750634062367,9,4
18265,0.5793553880638268,9,7
18269,0.5228411918231445,7,13
18273,0.4240134253909262,9,1
18277,0.5322914729613129,7,1
18278,0.5445729120493715,9,1
18282,0.5369676606552612,9,1
18286,0.5907946577361972,9,1
18290,0.4689155105127654,9,0
18294,0.5130420814410694,9,1
18298,0.5888635512454454,9,1
18302,0.6470866984484266,4,0
18306,0.590950949074409,5,15
18310,0.4901571519448698,7,1
18314,0.5541997300363399,0,1
18318,0.5702505934850961,4,15
18319,0.6099374397756512,0,6
18323,0.39941492673881535,7,6
18327,0.480098527994649,9,15
18331,0.4161865763006188,9,1
18335,0.6702699766212892,7,0
18339,0.5604681234107799,5,15
18343,0.4518466120990399,0,13
18347,0.49573695911017385,9,0
18348,0.48855692194872713,9,1
18350,0.6266284024046593,9,1
18354,0.5158724705120811,9,12
18358,0.5584452120602287,9,10
18362,0.5398869021237113,9,4
18366,0.5460985525252114,9,1
18369,0.47678375225904746,9,4
18373,0.4458518529135041,9,0
18377,0.48417260359150954,6,10
18381,0.4549786308119438,7,3
18384,0.5145858192909191,0,1
18388,0.5791218962966401,9,1
18392,0.5401316383476037,9,10
18396,0.3800808529567936,9,15
18398,0.5993745872880969,4,15
18402,0.6106675608348112,9,10
18406,0.5193070305668727,9,1
18410,0.5356802389785615,0,0
18414,0.6067339369613398,9,15
18418,0.5863863052858039,0,1
18420,0.4833499439592788,0,13
18424,0.4059092087246288,0,0
18428,0.42255197888779644,9,10
18432,0.46610190754256425,9,12
18436,0.48394752423195553,9,12
18439,0.6648187828995824,9,10
18443,0.6215817313567819,9,1
18447,0.6538241284946797,4,0
18451,0.5537848955405338,9,0
18455,0.6596810388807163,9,0
18459,0.6018289732192373,9,1
18463,0.5582242000455063,9,1
18467,0.5666345009279883,0,0
18469,0.44270491857330513,9,1
18473,0.5260734675791702,9,1
18477,0.4572745658467607,9,1
18481,0.44713540617792247,0,0
18485,0.4620481718135017,4,0
18488,0.60435287223794,0,6
18492,0.5381291963184088,0,1
18496,0.5921251969103537,0,0
18500,0.48254323056410875,0,0
18504,0.6008169704892317,0,0
18508,0.503818908288413,0,6
18512,0.5593199627609373,9,6
18516,0.4934760457366772,9,1
18520,0.5126729680377632,9,4
18524,0.5062241595982834,0,1
18528,0.4815840375837849,0,2
18532,0.5543248186013999,0,6
18536,0.5123194499082323,7,6
18540,0.5476507083427286,0,0
18544,0.48010118264008794,0,13
18548,0.5552851938630647,0,0
18551,0.5339760498432593,9,10
18555,0.4421395714009599,7,13
18559,0.5602532510546717,0,0
18563,0.4356911464487738,9,0
18567,0.4655296524509639,7,13
18570,0.4482333288116143,0,1
18574,0.4406109592307892,7,1
18578,0.5836269316523972,9,0
18582,0.5371014768018361,0,6
18586,0.47286128875689276,0,6
18590,0.4036606831840244,0,13
18594,0.5235038041256554,0,0
18595,0.6636993265706165,9,10
18599,0.5659262969040755,9,13
18603,0.6382559146295175,9,15
18607,0.5541871230005874,9,4
18611,0.5759611231551378,9,13
18615,0.5816092870435516,0,13
18617,0.5160234875891735,9,13
18621,0.5684502798900957,9,5
18625,0.49398765203436906,4,15
18629,0.44433062083525804,9,1
18631,0.5673452686114223,0,1
18635,0.5544766632304365,0,0
18639,0.5775477468889596,0,1
18643,0.5017984514603994,9,6
18647,0.6668785843477351,9,1
18649,0.7153599883226108,9,1
18653,0.5183077800418108,0,5
18657,0.5041976696530441,0,13
18661,0.40202915541546497,7,1
18665,0.38565198133079565,8,0
18669,0.7408140107370841,7,0
18673,0.6193341107789013,9,15
18677,0.4867074119498416,9,0
18681,0.48158101495189476,0,0
18685,0.54288607049567,9,5
18689,0.5687420343664604,9,4
18691,0.5361850598580141,9,1
18695,0.444378322593914,8,0
18699,0.4381075719553643,9,0
18703,0.429536478228149,9,10
18707,0.4205777984838672,0,6
18708,0.39238952054903947,9,1
18712,0.711134531279223,9,1
18716,0.587711229628268,9,15
18720,0.4072429530895861,0,6
18724,0.5683524962157332,8,1
18727,0.5246046118106391,9,1
18731,0.43353651559226325,9,13
18735,0.5376391371771837,9,1
18739,0.49949559542064564,4,0
18743,0.47534509747564657,9,0
18747,0.648813609915255,9,10
18751,0.4565330512912332,0,1
18755,0.5627968383805162,9,0
18759,0.5245874554149935,9,0
18763,0.5319694914481674,4,0
18767,0.5819214638049678,0,1
18768,0.6644502586169844,9,1
18772,0.46355219633563816,0,0
18776,0.466393972646517,0,0
18780,0.5150575161473869,4,0
18784,0.5237365691350191,9,10
18786,0.6143796397766634,9,0
18790,0.5388782486609272,0,6
18794,0.5209108025466195,0,0
18798,0.5486275446432153,9,1
18802,0.5516998389427957,9,10
18806,0.548719516176697,0,13
18810,0.4497032869168797,0,6
18814,0.5846168647704516,9,15
18818,0.6219545298871297,9,4
18821,0.56245098027435,9,10
18825,0.46771542879823164,9,6
18829,0.4911122192175328,7,0
18833,0.38241362160613157,9,0
18836,0.653784371825702,9,15
18840,0.5600382355414671,0,13
18844,0.6217546203407801,9,10
18848,0.5370062990477062,7,6
18851,0.5873072301734563,0,13
18855,0.6448062288986007,9,7
18859,0.47307027647157185,9,10
18863,0.4967908000240421,0,0
18867,0.5319702013074669,9,0
18868,0.5919754976394104,9,0
18872,0.46603447530915165,9,0
18876,0.5705762164298238,0,6
18880,0.40029246421543263,9,0
18884,0.6174833082804069,0,4
18888,0.5235551878569739,0,0
18890,0.5026997523317046,4,0
18894,0.3818156911722574,0,0
18898,0.4897395009966105,4,0
18902,0.4454566001585608,0,0
18906,0.5249531794157667,0,0
18908,0.5681365290671065,9,0
18912,0.4847680574444027,5,0
18916,0.5507562240733221,9,0
18920,0.4504323144070979,0,6
18924,0.550026795682676,9,0
18928,0.5110285285938667,0,13
18930,0.7498167970167141,9,6
18934,0.4580712282639392,0,0
18938,0.6189573433133733,9,1
18942,0.4476756565754641,9,0
18946,0.5974415410549284,9,7
18949,0.6608642173672385,9,0
18953,0.4878720498987886,9,6
18957,0.3857804208038302,7,13
18961,0.4293177049057574,9,13
18965,0.5103104672052386,7,6
18969,0.489961209064579,9,0
18973,0.48653235554606833,0,7
18977,0.5643047870701673,9,1
18981,0.5034318890603223,9,0
18985,0.5741144521468269,4,0
18987,0.5275400466258533,9,0
18991,0.43820500577555926,7,6
18995,0.48838382773574424,9,0
18999,0.3527574725112108,9,1
19003,0.42384716738512807,0,6
19006,0.6579069903822292,9,10
19010,0.507724494407974,0,6
19014,0.5585756610149227,9,15
19018,0.4897187712217188,0,0
19022,0.5448839028546417,9,13
19023,0.3966128483752623,0,0
19027,0.48659858447977195,9,4
19031,0.4026019944323493,9,5
19035,0.4670121279225347,9,10
19039,0.5146619293715982,0,15
19041,0.4862436992731333,0,15
19045,0.6113026701517011,9,10
19049,0.5076072098025138,5,0
19053,0.5981893817574051,9,4
19057,0.6031827457701942,9,10
19059,0.6354775917977019,9,0
19063,0.38573352918676107,0,6
19067,0.4145785120927753,0,6
19071,0.5025940437299111,9,4
19073,0.526911654543276,0,0
19077,0.5992105699031017,9,10
19081,0.5006042270648108,0,0
19085,0.4735089348623556,9,15
19087,0.6278636091476144,9,4
19091,0.583549059378531,0,6
19093,0.6057248418639312,0,1
19097,0.5698627097795916,0,6
19101,0.6059530183538488,9,0
19105,0.5600347948566503,7,13
19109,0.5671790138461832,0,0
19112,0.5177066653234574,0,13
19116,0.34228287703948324,9,13
19120,0.45810235687377654,0,13
19124,0.5086549151973562,9,10
19128,0.47171632911957456,0,13
19130,0.6742938321776394,9,10
19134,0.5964805296447606,9,4
19138,0.6357505598729323,9,15
19142,0.5067127522579362,9,0
