rally_uid,actionId,pointId,serverGetPoint
15432,4,9,0.4948531734
15436,13,6,0.6826233478
15440,6,9,0.5113927867
15444,4,9,0.4297463963
15447,15,2,0.3377234917
15451,3,9,0.5121187860
15455,15,4,0.5796493537
15459,15,9,0.4280802795
15463,15,2,0.4072915682
15467,6,7,0.4914135252
15471,10,6,0.4523947936
15475,6,0,0.6007697285
15479,18,7,0.5236243190
15483,17,1,0.4173934773
15484,3,9,0.6283243699
15488,6,9,0.4764430074
15492,6,0,0.4700024355
15496,1,9,0.6191689957
15500,17,1,0.4327651778
15502,0,4,0.3926182299
15506,15,5,0.4158774207
15510,0,4,0.5685844605
15514,5,9,0.4788961808
15518,17,1,0.4327651778
15520,15,1,0.6015828289
15524,6,9,0.4694224200
15528,5,9,0.4353911726
15532,15,7,0.5438163854
15536,13,0,0.5704844818
15540,5,9,0.3445919394
15544,5,9,0.3300494023
15546,4,8,0.4651051624
15550,6,6,0.4437819215
15554,6,8,0.3355418422
15558,10,9,0.5384431437
15562,1,9,0.4559218279
15563,0,4,0.6908825102
15567,13,7,0.5077196551
15571,18,0,0.6299059213
15575,6,8,0.3051273121
15579,1,8,0.5427863322
15583,13,5,0.7151637350
15587,1,9,0.5306953180
15591,5,7,0.3882998920
15595,5,9,0.6091686991
15599,5,9,0.6485010891
15603,5,8,0.4463164162
15607,1,8,0.5588289924
15611,3,7,0.4816479819
15615,15,5,0.8239458619
15619,3,9,0.6112329483
15621,10,5,0.5004927827
15625,9,9,0.5014337762
15629,3,4,0.4563751702
15633,10,5,0.4974586541
15637,1,7,0.5634545832
15641,1,9,0.4149765160
15645,10,6,0.4923475977
15649,12,9,0.3888464341
15653,10,6,0.6674473739
15655,11,4,0.5102445045
15659,10,9,0.4572890490
15663,11,2,0.4833690914
15667,10,9,0.4701731078
15671,9,7,0.4253258142
15675,1,7,0.4433540236
15679,10,6,0.3895544165
15683,10,9,0.5403264652
15687,13,0,0.7608672174
15689,1,8,0.5616984731
15693,10,7,0.4867986323
15697,1,7,0.5768656426
15701,3,7,0.4580488632
15705,1,9,0.5570860983
15707,13,0,0.8104028105
15711,1,4,0.5014707526
15715,1,7,0.6167849842
15719,12,9,0.4910295818
15723,12,8,0.7804393949
15727,10,6,0.4575863963
15731,12,6,0.5421081665
15735,6,6,0.4809805019
15739,12,5,0.5390277605
15743,13,9,0.4031066715
15745,12,9,0.4653099890
15749,2,8,0.4560634645
15753,3,9,0.4999693008
15757,2,8,0.4831645445
15761,0,0,0.5421753241
15764,1,7,0.4837899442
15768,13,9,0.4795271221
15772,2,7,0.5541216016
15776,6,9,0.4194063948
15779,1,9,0.4806081375
15783,5,9,0.2603581916
15787,13,8,0.5161326052
15791,1,8,0.3328091187
15795,1,7,0.4005624078
15799,1,7,0.4386818328
15803,0,7,0.3662517291
15807,1,8,0.5632534481
15809,1,9,0.6004895841
15813,6,8,0.5261891382
15817,1,9,0.4623182619
15821,13,9,0.7134999848
15825,1,7,0.4275583504
15827,14,0,0.6399818376
15831,3,7,0.3531842652
15835,1,8,0.5253115554
15839,1,8,0.5188300559
15843,2,9,0.6177590227
15847,6,8,0.5004776700
15851,13,8,0.5101483736
15853,1,9,0.5981219135
15857,1,7,0.5669286727
15861,1,7,0.5102310729
15865,13,8,0.4325136571
15869,1,9,0.5390545734
15873,5,8,0.5271048044
15875,13,8,0.6027671653
15879,0,0,0.6389820469
15883,13,9,0.3670657163
15887,6,7,0.4934315408
15891,1,5,0.5540879093
15892,5,9,0.5902611379
15896,0,0,0.5839427544
15900,3,9,0.5008234073
15904,1,9,0.5985851590
15908,10,7,0.6778590201
15909,15,5,0.5464961064
15913,1,9,0.6187763105
15917,13,0,0.3588728939
15921,13,0,0.4828688963
15925,10,8,0.5404072794
15928,3,9,0.5237194011
15932,6,9,0.4297482181
15936,1,9,0.3906029529
15940,5,9,0.4525018644
15944,13,2,0.5952049109
15946,11,9,0.4844939937
15950,7,9,0.3390298039
15954,13,8,0.5318220733
15958,6,9,0.3471849706
15962,1,9,0.4614718076
15964,1,7,0.4868758356
15968,5,0,0.4943860184
15972,11,3,0.5422170040
15976,5,9,0.4658279608
15980,6,8,0.3671042126
15982,6,9,0.4955463114
15986,5,9,0.3980906949
15990,1,7,0.5333861706
15994,6,9,0.3392913011
15998,5,9,0.4717125007
16002,5,9,0.5001416020
16004,3,9,0.6274780418
16008,13,0,0.7222839773
16012,5,9,0.5314964748
16016,10,7,0.6390417628
16020,13,8,0.5666148913
16024,6,9,0.3109586318
16028,5,9,0.3584561207
16032,5,9,0.5909293412
16036,13,0,0.4758865919
16040,1,9,0.4790366565
16044,5,9,0.3930386154
16048,3,9,0.4512269910
16052,13,7,0.5631596053
16056,3,7,0.6359346720
16060,3,9,0.4693254781
16062,1,9,0.6141654041
16066,1,8,0.3772925168
16070,1,9,0.5775605596
16074,1,9,0.5446760852
16078,1,9,0.4851711774
16080,15,7,0.6227629846
16084,1,8,0.5342100918
16088,13,0,0.3964125148
16092,10,9,0.5992337901
16093,1,7,0.4708782433
16097,4,6,0.5095080086
16101,1,9,0.5351039096
16105,1,9,0.4458323636
16109,3,9,0.4544623626
16111,13,9,0.6088280098
16115,5,0,0.2767855481
16119,1,7,0.4891788995
16123,13,8,0.4006086172
16127,10,6,0.4679799103
16131,1,9,0.4065296489
16135,3,7,0.3693091103
16139,13,8,0.4166525418
16143,13,8,0.5951652968
16147,1,7,0.6771354861
16148,13,0,0.7435323191
16152,5,9,0.3680982157
16156,1,9,0.3262681774
16160,13,9,0.5504760690
16164,0,0,0.5913495027
16168,6,8,0.4328294637
16170,6,9,0.6049090629
16174,1,7,0.5600832970
16178,1,9,0.3685959585
16182,3,7,0.5068903021
16186,1,7,0.5155779607
16190,1,7,0.4682010670
16194,13,8,0.5125937229
16198,1,7,0.2875141418
16202,1,9,0.5131042823
16206,13,8,0.4502922664
16208,1,9,0.5654291369
16212,6,8,0.4311477490
16216,5,7,0.4614474320
16220,10,8,0.5891996225
16221,6,8,0.6348811411
16225,13,9,0.3934275007
16229,6,9,0.3768969303
16233,10,5,0.4405595027
16235,1,7,0.6251063730
16239,5,9,0.4647715330
16241,3,9,0.6278347880
16245,1,9,0.4112372104
16249,1,8,0.5182929469
16253,1,9,0.4948560885
16254,15,4,0.5221171064
16258,1,4,0.4658295985
16262,1,7,0.3808253375
16266,10,6,0.5503845447
16268,0,4,0.4636634009
16272,12,7,0.4553903602
16276,1,9,0.5535674030
16280,10,6,0.5257403972
16284,10,4,0.5083233757
16285,0,2,0.5821514232
16289,1,8,0.4461142237
16293,1,7,0.4582747312
16297,14,0,0.5941156294
16300,6,8,0.5504866993
16304,11,5,0.5786371455
16308,10,7,0.3909845368
16312,0,0,0.7242424873
16316,11,5,0.4695827666
16320,6,9,0.4379140299
16324,1,9,0.3400573395
16328,2,9,0.5083298300
16332,11,8,0.6251753316
16333,10,8,0.6036677891
16337,10,5,0.4074124782
16341,5,8,0.3878793544
16345,1,8,0.4581793889
16349,13,8,0.7660243726
16353,11,9,0.4441748373
16357,10,7,0.5085950588
16361,13,0,0.3427670251
16365,13,0,0.6677971663
16369,13,9,0.3595441504
16373,5,9,0.4881951777
16377,1,9,0.4795345047
16381,1,9,0.6031007408
16384,2,9,0.5368169452
16388,1,9,0.4638963574
16392,0,8,0.3428623447
16396,13,9,0.6008089994
16400,7,9,0.5769084982
16404,13,0,0.3472576863
16406,3,9,0.5682243163
16410,1,7,0.4179600699
16414,2,9,0.6153266425
16418,5,9,0.4888704526
16421,10,8,0.5262677092
16425,13,0,0.7428899642
16429,13,0,0.3706987433
16433,6,8,0.4868839614
16437,6,9,0.4692242270
16440,13,0,0.7451265610
16444,6,7,0.4962887795
16448,11,1,0.5165486344
16452,11,8,0.6121097307
16454,6,8,0.6133263699
16458,13,0,0.7968413726
16462,13,8,0.5898427825
16466,2,8,0.4598821363
16469,11,2,0.5243256273
16473,13,8,0.5210593736
16477,1,9,0.4827584867
16481,1,0,0.5185843655
16485,1,8,0.5061632739
16489,12,9,0.5657286381
16493,13,0,0.6761428507
16497,1,7,0.3996691842
16501,1,9,0.4843167194
16505,10,7,0.4853960158
16506,13,9,0.3515200852
16510,13,0,0.7342472884
16514,1,6,0.4008500809
16518,5,9,0.6416635091
16522,1,9,0.5449214295
16526,13,0,0.7884492651
16528,10,9,0.6021147282
16532,15,4,0.4197319434
16536,12,7,0.4875292450
16540,0,0,0.5141160347
16544,6,7,0.5137320918
16546,1,9,0.4867505934
16550,12,7,0.4922886845
16554,15,4,0.5152705486
16558,1,9,0.6362425988
16561,1,7,0.5979307337
16565,12,9,0.3731330979
16569,17,1,0.4657353686
16573,1,9,0.5252850384
16577,15,7,0.3811438206
16581,13,0,0.5416452214
16585,1,9,0.5362542764
16589,1,9,0.5646660528
16593,10,9,0.4020401827
16597,13,0,0.3019725348
16600,5,7,0.4451779480
16604,10,8,0.4657972444
16608,1,9,0.5412071787
16612,12,6,0.4370566087
16616,1,9,0.5954604651
16619,13,0,0.5531140824
16623,12,6,0.5130577562
16627,10,6,0.5532003660
16631,1,9,0.5374941662
16635,5,7,0.7647747896
16636,0,0,0.7278622998
16640,10,9,0.4857991352
16644,2,0,0.4877336504
16648,2,0,0.6006415544
16649,13,0,0.4346659504
16653,13,0,0.6304502092
16657,0,0,0.5452097902
16661,13,0,0.5331488839
16664,6,9,0.6655274269
16668,0,0,0.7147581891
16672,2,0,0.4419483818
16676,13,0,0.7647279406
16680,1,8,0.5380067628
16684,13,0,0.7829720710
16688,0,0,0.4795189173
16692,12,0,0.3337601834
16696,10,9,0.5703607802
16699,13,0,0.6077360291
16703,1,9,0.4989312111
16707,1,7,0.5056516910
16711,11,2,0.5402088092
16715,1,9,0.4884255770
16719,1,7,0.6098693006
16721,1,9,0.5836096684
16725,10,7,0.6232994329
16729,10,7,0.5677472297
16733,1,9,0.6157467132
16734,10,9,0.5826094727
16738,10,8,0.5387282959
16742,13,0,0.5299409576
16746,6,8,0.6359101972
16750,0,9,0.5138149825
16754,6,9,0.4085848825
16758,0,7,0.4844703084
16761,1,5,0.5251464052
16765,1,9,0.4161274733
16769,1,9,0.4803048237
16773,10,5,0.4961824608
16777,1,7,0.4633448076
16778,5,8,0.3914128071
16782,13,9,0.5436785348
16786,10,5,0.4758633356
16790,1,8,0.4894179940
16794,2,9,0.4701885399
16798,2,8,0.5313940176
16802,6,8,0.5970545637
16806,13,8,0.5348642212
16810,2,8,0.5029315328
16814,1,9,0.7238594907
16818,0,7,0.8117426084
16822,13,8,0.5926079263
16826,1,9,0.5483923760
16828,13,9,0.6935142784
16832,2,8,0.4271025319
16836,2,9,0.4688315820
16840,2,9,0.4522606881
16844,6,9,0.3728064250
16848,1,9,0.4524180228
16852,1,9,0.5497291405
16854,5,9,0.5617864338
16858,2,8,0.4893177766
16862,0,0,0.7357514517
16866,1,9,0.6237848014
16870,5,9,0.6870222112
16871,1,8,0.5268344020
16875,1,9,0.4696557678
16879,1,9,0.4244369368
16883,6,8,0.5391875824
16887,11,8,0.6827025901
16889,2,0,0.5389188443
16893,1,8,0.4522079297
16897,5,9,0.4089807385
16901,13,7,0.3005228369
16905,3,7,0.7117560983
16907,13,9,0.6033821088
16911,1,9,0.4355042080
16915,1,8,0.5471055458
16919,1,7,0.6004447378
16923,6,7,0.4624573743
16927,1,7,0.5689814840
16931,1,8,0.5514057285
16935,6,9,0.3691985060
16939,1,7,0.5440680412
16943,10,7,0.5459032187
16947,6,7,0.8286358665
16949,6,9,0.5618614933
16953,10,9,0.4896956373
16957,10,9,0.4135566631
16961,1,9,0.6079830858
16965,3,5,0.5671361624
16966,1,9,0.5135668549
16970,10,8,0.5053352251
16974,1,6,0.4159472936
16978,10,9,0.5558753600
16982,5,9,0.6254957105
16986,10,9,0.5175514673
16990,3,7,0.4855387827
16994,1,9,0.4389070153
16998,1,9,0.4818268762
17001,1,9,0.5630841199
17005,10,7,0.5393197762
17009,5,8,0.5708938753
17013,1,7,0.5987939872
17016,10,6,0.4424576881
17020,6,9,0.5054010822
17024,3,9,0.3767312509
17028,1,9,0.3785301620
17032,12,9,0.4462634893
17035,10,7,0.5887609366
17039,1,7,0.5209337511
17043,15,5,0.5279200065
17047,3,9,0.6868439803
17051,10,5,0.6537185847
17054,0,9,0.5008892841
17058,11,5,0.6225452165
17062,13,0,0.6863144684
17066,10,4,0.4841728233
17069,8,9,0.5141056154
17073,10,4,0.5534157304
17077,1,6,0.5848541008
17081,3,9,0.5310683586
17085,3,8,0.4543981194
17089,5,9,0.7035183162
17093,13,2,0.6423776551
17097,0,4,0.6294068128
17101,0,4,0.7152351716
17105,0,9,0.4686045015
17107,13,9,0.5974545180
17111,1,9,0.5428854901
17115,3,7,0.4512967553
17119,10,8,0.5797497357
17123,13,9,0.4523085384
17125,6,9,0.6240420389
17129,0,8,0.6346249359
17133,3,9,0.4263217714
17137,3,9,0.3710919753
17141,1,8,0.5108525466
17145,13,9,0.6355197202
17149,1,9,0.3907787965
17153,13,7,0.5445010065
17157,10,5,0.4620786294
17161,10,9,0.5053805213
17163,3,5,0.6109862711
17167,1,4,0.4924608532
17171,13,0,0.5961168609
17175,10,6,0.6155622557
17177,12,5,0.4580199372
17181,13,0,0.7060492308
17185,1,7,0.5121487774
17189,10,6,0.6119442290
17193,0,8,0.5382255525
17194,1,5,0.4972796995
17198,13,0,0.5464862440
17202,11,9,0.5628779849
17206,10,6,0.5447620763
17210,12,0,0.6076422549
17211,10,6,0.5057284303
17215,13,7,0.4364656635
17219,12,7,0.5152542868
17223,10,5,0.4895488738
17227,1,7,0.5503103983
17229,10,4,0.5768480482
17233,10,5,0.4951738282
17237,0,0,0.5841249639
17241,3,4,0.5172799279
17245,11,1,0.4635369680
17249,1,9,0.5969278899
17253,3,8,0.5145019805
17257,1,7,0.5520068769
17261,11,5,0.5331642787
17262,1,9,0.5348908501
17266,1,9,0.4240860497
17270,13,0,0.5405450821
17274,0,0,0.6371569109
17278,1,9,0.5425314450
17282,10,7,0.6140484583
17286,2,8,0.5541233656
17290,6,7,0.5692763578
17294,6,8,0.4926556959
17298,1,9,0.6314072943
17302,0,7,0.3718998622
17306,13,8,0.3323173818
17310,1,8,0.4673642821
17314,13,0,0.3018599354
17318,10,8,0.4692334437
17320,13,0,0.7354108084
17324,1,8,0.4427577168
17328,1,7,0.5164382064
17332,6,8,0.7188922614
17336,5,7,0.5217922737
17340,5,9,0.4838808673
17344,11,2,0.5075064537
17348,1,7,0.5203353204
17352,5,9,0.3465108692
17356,7,8,0.4900962863
17360,13,0,0.5217338870
17364,6,9,0.4434081737
17368,11,2,0.5020273446
17372,1,8,0.4908693753
17376,1,9,0.5340481510
17380,1,8,0.5709791290
17384,2,8,0.7246782525
17388,2,9,0.5667517389
17392,0,4,0.6021700196
17396,13,9,0.2771585770
17400,0,9,0.4661811877
17404,2,9,0.4408660269
17408,6,9,0.5147524654
17412,12,9,0.4564527156
17416,5,9,0.4977580411
17420,1,0,0.5452312642
17421,10,9,0.5626089017
17425,3,9,0.4881373854
17429,15,7,0.4843176599
17433,2,9,0.4826722451
17437,13,8,0.7809681366
17441,13,5,0.6994929536
17445,10,7,0.3999069843
17449,1,9,0.5501672437
17453,1,7,0.5732126130
17457,1,7,0.5537923091
17458,1,9,0.6019827986
17462,10,5,0.4786319032
17466,1,9,0.5005629748
17470,6,9,0.5787482771
17474,10,6,0.5787263800
17475,1,9,0.5998338450
17479,2,9,0.5719794907
17483,1,9,0.3707108128
17487,13,0,0.7583644815
17491,1,9,0.4776668059
17494,5,9,0.5929889112
17498,13,7,0.5931980958
17502,1,8,0.4902628131
17506,2,9,0.4273469014
17509,6,0,0.5328981958
17513,11,2,0.5338025145
17517,2,8,0.3897619911
17521,6,8,0.5322044262
17525,17,9,0.7774896799
17527,11,5,0.5311660270
17531,1,7,0.5317888452
17535,13,8,0.5710527917
17539,13,0,0.3293884209
17543,1,8,0.5659769994
17547,2,8,0.5947304885
17549,11,9,0.5246234538
17553,0,4,0.4999399201
17557,1,7,0.4115470252
17561,1,9,0.5360304526
17565,7,7,0.5391115028
17568,11,2,0.5862402031
17572,10,9,0.5172434737
17576,10,9,0.4840889037
17580,5,0,0.3416467346
17584,10,7,0.5836695889
17588,1,7,0.5392487214
17590,7,9,0.4311808316
17594,13,0,0.4527733126
17598,13,0,0.6854784477
17602,1,9,0.4984963638
17606,10,8,0.5976717475
17610,1,7,0.4182452547
17614,3,9,0.5454961665
17618,1,9,0.5838046441
17622,13,0,0.6993784126
17624,13,9,0.3933088169
17628,13,0,0.4209119036
17632,10,8,0.3665858357
17636,5,9,0.5307753115
17640,3,7,0.5304488750
17644,1,7,0.5521556501
17648,1,7,0.5139813319
17652,5,0,0.6400122030
17656,13,7,0.6990088780
17659,5,8,0.7166263276
17663,1,9,0.5861388990
17667,1,9,0.4901619262
17671,2,8,0.3826554857
17675,2,8,0.5369273958
17678,1,7,0.5364225895
17682,13,9,0.5335200484
17686,1,9,0.3925757103
17690,1,8,0.5498048923
17694,13,0,0.4947328398
17698,1,8,0.5769237687
17702,13,0,0.2825763319
17706,0,7,0.4818473661
17710,15,2,0.4811135864
17713,10,5,0.4356503978
17717,13,0,0.5091260570
17721,1,8,0.5577445823
17725,13,8,0.3951186340
17729,13,5,0.4660118684
17733,11,9,0.4406060473
17737,5,9,0.4156022650
17741,5,0,0.4427048937
17745,3,9,0.6155043016
17749,11,9,0.4975594442
17753,1,8,0.4982884066
17755,0,0,0.7825013251
17759,5,9,0.5418454309
17763,6,8,0.4400283437
17767,13,0,0.5092350815
17771,4,9,0.5542970572
17773,13,8,0.6686526278
17777,5,9,0.4781903734
17781,1,8,0.3946367990
17785,11,2,0.5366491952
17789,6,9,0.5797202689
17793,3,7,0.4470761261
17795,11,2,0.5770516655
17799,13,9,0.4234336273
17803,13,0,0.4976113314
17807,15,2,0.5228601395
17811,5,7,0.5740393561
17813,11,2,0.4605503459
17817,10,9,0.4005237633
17821,0,9,0.5788876654
17825,1,9,0.5024878042
17829,1,8,0.5147299067
17833,18,2,0.7078891272
17837,6,8,0.4203090972
17841,0,0,0.6628325937
17845,13,8,0.4474599022
17849,1,9,0.6078520681
17852,1,9,0.5538700518
17856,3,9,0.5048886047
17860,13,5,0.3573153740
17864,0,0,0.4958502248
17867,3,5,0.5356345512
17871,6,5,0.5974164791
17875,2,0,0.4864723598
17879,2,0,0.5533268370
17883,0,5,0.5030118173
17886,0,9,0.6177356552
17890,1,9,0.4004607608
17894,1,8,0.4347530329
17898,13,0,0.6592411748
17902,3,5,0.5618447290
17906,1,9,0.4825007281
17910,9,9,0.4496912067
17914,1,9,0.4954541906
17918,1,9,0.5128453743
17922,13,7,0.5654212461
17926,5,9,0.5368044454
17930,5,9,0.4101651166
17934,10,9,0.4772927118
17937,13,9,0.5584665241
17941,1,9,0.4654926615
17945,13,7,0.4636270383
17949,13,5,0.4322014766
17953,9,7,0.5773097633
17956,10,8,0.5452045055
17960,1,7,0.4277226507
17964,13,0,0.2813198947
17968,13,0,0.6690924676
17972,5,9,0.4595984903
17976,1,9,0.4140737999
17980,1,7,0.5709135481
17984,0,0,0.7490597050
17988,6,8,0.3314888485
17992,1,7,0.4571045550
17993,1,9,0.4915249897
17997,1,9,0.4530884297
18001,1,7,0.5184532050
18005,0,8,0.4982292202
18009,1,5,0.4522469825
18010,13,0,0.7658480905
18014,13,9,0.5252644211
18018,13,9,0.5857854216
18022,1,8,0.5534212315
18026,1,9,0.6186508717
18029,12,9,0.6401264279
18033,12,8,0.4971225574
18037,6,9,0.2779647895
18041,13,9,0.5212583759
18045,3,9,0.5529460158
18049,1,9,0.3865325697
18053,1,7,0.5476068629
18057,1,7,0.4740283699
18061,12,9,0.6206734676
18063,12,0,0.6195642935
18067,2,8,0.4809386762
18071,0,0,0.3069408996
18075,1,7,0.5763167369
18079,3,9,0.6479170019
18083,13,0,0.7637436311
18087,10,5,0.5545407286
18091,13,0,0.4824977553
18095,10,7,0.4349667214
18099,0,7,0.5450517554
18103,2,0,0.5126269608
18107,1,5,0.4949069384
18111,1,5,0.4983378459
18115,2,5,0.4973218589
18119,1,0,0.5169698557
18123,1,5,0.5329137186
18127,2,0,0.5265419063
18131,1,5,0.5401014979
18135,0,1,0.6555786618
18139,10,1,0.6507754724
18143,2,7,0.4990536706
18147,2,9,0.3870321446
18151,1,7,0.5329746892
18155,2,0,0.4900299862
18159,2,9,0.4471009274
18163,1,5,0.3487436313
18167,10,6,0.5144841254
18171,1,9,0.5813552213
18175,2,8,0.4590640016
18179,13,8,0.5588277720
18183,13,0,0.3999103123
18187,6,7,0.4305182723
18191,6,0,0.4318544856
18194,1,9,0.5017703605
18198,12,7,0.5951491875
18202,14,7,0.6748046683
18206,12,7,0.6515149537
18210,10,7,0.6386177601
18214,12,7,0.5208358401
18216,1,7,0.5978759729
18220,1,9,0.5549210237
18224,3,9,0.6014502838
18228,1,8,0.6922592889
18229,10,4,0.5891147392
18233,1,7,0.4682800463
18237,1,7,0.4626138187
18241,2,9,0.4877614027
18245,10,7,0.6606804365
18246,12,7,0.4602289500
18250,3,7,0.4840267165
18254,15,0,0.4687848528
18258,6,7,0.5591438392
18261,10,9,0.4959907636
18265,10,9,0.4000578027
18269,2,9,0.4611818410
18273,13,5,0.5410773654
18277,2,8,0.5172194078
18278,2,9,0.4945741409
18282,6,9,0.4167918228
18286,6,9,0.2739945827
18290,1,7,0.4766338003
18294,1,7,0.4146334641
18298,2,7,0.3563077244
18302,1,8,0.5610486097
18306,1,7,0.6082078511
18310,2,8,0.4244222681
18314,2,9,0.4096942241
18318,10,9,0.4815922386
18319,2,9,0.5570634134
18323,1,9,0.4779830038
18327,1,7,0.4212970660
18331,1,9,0.4975151494
18335,2,9,0.5393258512
18339,1,9,0.4918317045
18343,13,9,0.5024909007
18347,10,6,0.4795915169
18348,0,0,0.6876886639
18350,10,9,0.4580471778
18354,10,4,0.5066077778
18358,1,4,0.4905585644
18362,10,4,0.5324528948
18366,10,4,0.5596879126
18369,10,8,0.5192492999
18373,10,9,0.5141974948
18377,10,9,0.5611886612
18381,0,0,0.5128608083
18384,12,7,0.7692646786
18388,1,4,0.4005447111
18392,10,4,0.3599623850
18396,0,4,0.5278876111
18398,3,9,0.5822601133
18402,10,5,0.4922850797
18406,13,8,0.4489697945
18410,1,7,0.6040730431
18414,12,7,0.5174532793
18418,6,8,0.4549941934
18420,1,8,0.5623717442
18424,6,8,0.5458843096
18428,13,8,0.3132088370
18432,7,9,0.5466497314
18436,1,9,0.5154405119
18439,10,8,0.5481561414
18443,6,9,0.4147201195
18447,7,7,0.5417670791
18451,1,7,0.6317259795
18455,11,2,0.5903067351
18459,10,6,0.4487855650
18463,5,1,0.5322202596
18467,11,9,0.6514987564
18469,10,0,0.5124835989
18473,10,5,0.4900251932
18477,6,0,0.5023994993
18481,2,5,0.5887128894
18485,13,9,0.5512227792
18488,1,0,0.5348482705
18492,10,7,0.4786571261
18496,0,0,0.7296195976
18500,1,9,0.5336709699
18504,13,0,0.6341077414
18508,2,9,0.4113068769
18512,10,5,0.5648369140
18516,12,7,0.4443141218
18520,10,5,0.5250773917
18524,7,2,0.5182865513
18528,1,9,0.5761318627
18532,0,0,0.7076054986
18536,13,0,0.5003268893
18540,10,6,0.4766991609
18544,0,0,0.5566454129
18548,2,0,0.5870824605
18551,1,5,0.4736246595
18555,13,8,0.5221753574
18559,3,9,0.4838373082
18563,3,9,0.5521006396
18567,1,7,0.5232145173
18570,5,9,0.5023666352
18574,6,7,0.6023139355
18578,13,0,0.6409759539
18582,5,9,0.3426577397
18586,2,5,0.5352815789
18590,15,4,0.3678920174
18594,5,9,0.5949266859
18595,1,9,0.5901267618
18599,5,6,0.5853190180
18603,1,9,0.5179427470
18607,1,9,0.3683488867
18611,1,5,0.4986758185
18615,1,5,0.6126509818
18617,1,7,0.4959387059
18621,10,6,0.5008675362
18625,1,9,0.4467975270
18629,1,7,0.4436973295
18631,13,7,0.5461638954
18635,12,6,0.5142677678
18639,12,5,0.5738932101
18643,3,7,0.4470593619
18647,2,7,0.5553220747
18649,1,9,0.4190009209
18653,13,8,0.6037252757
18657,3,7,0.4237727785
18661,10,6,0.5244906499
18665,1,7,0.5946938136
18669,11,4,0.5159544741
18673,3,9,0.5013591181
18677,13,8,0.6006091686
18681,1,9,0.6230727407
18685,3,9,0.6221575200
18689,1,6,0.5335836887
18691,12,0,0.4396025517
18695,12,7,0.4952576139
18699,10,5,0.5753324214
18703,1,9,0.4719370948
18707,3,4,0.5960154666
18708,0,4,0.6578484618
18712,12,9,0.4753130531
18716,10,4,0.4716468797
18720,15,4,0.3612526294
18724,0,2,0.5012889771
18727,13,9,0.5860219109
18731,1,7,0.5555806377
18735,6,9,0.5040879348
18739,7,9,0.6060115805
18743,7,7,0.5882788801
18747,10,9,0.5524117339
18751,1,9,0.5418279735
18755,1,7,0.4453727043
18759,1,7,0.6225749509
18763,10,7,0.5053608587
18767,7,7,0.4921375106
18768,11,2,0.4144423137
18772,6,9,0.5639313754
18776,13,9,0.5775909189
18780,1,9,0.5762507513
18784,10,9,0.5035293618
18786,11,7,0.4423083867
18790,6,9,0.4990454711
18794,0,0,0.5322387650
18798,10,5,0.5675959253
18802,0,7,0.5615967042
18806,13,2,0.6162585001
18810,2,0,0.5019286137
18814,1,9,0.4958006399
18818,12,8,0.5149758574
18821,1,7,0.4310092451
18825,1,8,0.4438602139
18829,1,7,0.5597653915
18833,1,7,0.6047907725
18836,3,9,0.6382439055
18840,13,0,0.6687076628
18844,1,9,0.4113720200
18848,13,0,0.6261180087
18851,13,7,0.4901627416
18855,6,7,0.3670733453
18859,1,9,0.3290424302
18863,1,9,0.6874023614
18867,1,8,0.6234371603
18868,0,9,0.5767697754
18872,0,5,0.6257553499
18876,13,9,0.5013222507
18880,2,0,0.6956643224
18884,13,1,0.4374102354
18888,13,7,0.4365331272
18890,10,0,0.5592090821
18894,2,0,0.5885893278
18898,1,0,0.4884933034
18902,2,0,0.5188074227
18906,2,9,0.6691238346
18908,10,5,0.5285696947
18912,13,9,0.5439119180
18916,1,0,0.4806014208
18920,5,9,0.3282500186
18924,5,7,0.3888738024
18928,11,8,0.5866454717
18930,2,0,0.4437646113
18934,2,0,0.6363239265
18938,2,7,0.5038017481
18942,2,0,0.5688741496
18946,6,9,0.4498601939
18949,10,5,0.7083490425
18953,2,0,0.5606983556
18957,0,0,0.5528541246
18961,0,0,0.5456760517
18965,2,9,0.6360783718
18969,10,5,0.5776902609
18973,2,9,0.4985420896
18977,1,7,0.4497647942
18981,1,3,0.4292924606
18985,11,7,0.4907128650
18987,10,5,0.5206244236
18991,1,9,0.5184844404
18995,1,6,0.3415369709
18999,2,9,0.3528929196
19003,2,0,0.5872221593
19006,6,8,0.3944159466
19010,1,8,0.4697879885
19014,15,8,0.4020116567
19018,5,0,0.7196298716
19022,1,8,0.6069269501
19023,1,8,0.5927181923
19027,11,5,0.5246500293
19031,13,0,0.7250594192
19035,1,9,0.5280394234
19039,10,5,0.5333032814
19041,1,9,0.5847778241
19045,6,8,0.4193465759
19049,3,9,0.5033288708
19053,6,8,0.4562226020
19057,2,9,0.5515345707
19059,6,9,0.6303786754
19063,1,9,0.5331139567
19067,5,8,0.3958642343
19071,10,9,0.5015450620
19073,5,9,0.5585337294
19077,5,9,0.4102017893
19081,6,9,0.5809175253
19085,13,7,0.6448568798
19087,1,7,0.5531602105
19091,6,7,0.4503838663
19093,13,8,0.5656982539
19097,1,8,0.4378162354
19101,3,9,0.4954786029
19105,13,9,0.4759522380
19109,3,7,0.7474690123
19112,5,8,0.4273153476
19116,13,8,0.5179749329
19120,0,0,0.6809262297
19124,1,8,0.4814021126
19128,1,9,0.6219199943
19130,1,8,0.4546377710
19134,6,9,0.3082755164
19138,1,9,0.5658633993
19142,13,0,0.6680577611
